career_id,career_name,description,required_courses,recommended_courses,skills,pathway_sequence
CAR001,AI Engineer,Develop machine learning and deep learning solutions neural networks and intelligent automation systems.,CS101;CS201;DS201;DS301,CS202;DS302;CS103;ROB102,Python;Machine Learning;Deep Learning;PyTorch;TensorFlow;NLP,CS101 -> CS201 -> DS201 -> DS301 -> AI Engineer
CAR002,Data Scientist,Extract actionable insights from complex datasets build predictive models and analyze statistical trends.,CS101;CS201;DS101;DS201;DS203,CS301;CS302;DS202;DS303,Python;Data Analysis;Statistics;Machine Learning;Pandas;SQL,CS101 -> DS101 -> CS201 -> DS201 -> Data Scientist
CAR003,Data Analyst,Transform raw business data into interactive visual dashboards reports and statistical insights.,CS101;DS101;CS301;DS202;DS102,CS201;CS302;DS203,SQL;Data Analytics;PowerBI;Excel;Data Visualization,DS102 -> DS101 -> CS301 -> DS202 -> Data Analyst
CAR004,Software Engineer,Design test and maintain scalable object-oriented software applications and system algorithms.,CS101;CS102;CS202;CS303,CS301;CS204;CS205;CS103,OOP;Algorithms;Software Architecture;Python/Java;Git,CS101 -> CS102 -> CS202 -> CS303 -> Software Engineer
CAR005,Fullstack Developer,Build responsive client interfaces modern RESTful backends and integrate full stack web services.,WEB101;WEB201;WEB301;WEB302,CS101;CS301;CS204;WEB102,React.js;FastAPI;JavaScript;REST APIs;Full Stack,WEB101 -> WEB201 -> WEB301 -> WEB302 -> Fullstack Developer
CAR006,Backend Developer,Architect high-performance database-driven REST APIs and cloud-ready backend microservices.,CS101;CS301;WEB301;CLOUD202,CS102;CS202;CS203;CS303,FastAPI;SQL;Database Management;Backend Architecture;Serverless,CS101 -> CS301 -> WEB301 -> CLOUD202 -> Backend Developer
CAR007,Frontend Developer,Design and build interactive user-friendly accessible component interfaces for modern web apps.,WEB101;WEB201;WEB102;WEB202,CS101;WEB302,React.js;HTML/CSS;JavaScript;UI/UX;Tailwind CSS,WEB101 -> WEB102 -> WEB201 -> WEB202 -> Frontend Developer
CAR008,Cybersecurity Specialist,Protect enterprise networks conduct vulnerability assessments security audits and ethical hacking.,NET101;CYBER101;CYBER201;CYBER102,NET201;CYBER301;CYBER202;CS203,Cybersecurity;Penetration Testing;Network Security;Ethical Hacking,NET101 -> CYBER101 -> CYBER201 -> CYBER102 -> Cybersecurity Specialist
CAR009,Embedded Systems Engineer,Develop low-level C firmware microcontroller applications RTOS drivers and hardware interfacing.,ELEC101;ELEC201;ELEC301;EMB201,EMB301;EMB101;ELEC102,Embedded C;Microcontrollers;RTOS;Digital Electronics;FreeRTOS,ELEC101 -> ELEC201 -> ELEC301 -> EMB201 -> Embedded Systems Engineer
CAR010,Robotics Engineer,Architect autonomous robots ROS simulation packages manipulator kinematics and vision tracking.,ELEC101;ELEC301;ROB101;ROB201;ROB301,ROB202;ROB102;AUTO101;CS101,Robotics;ROS2;Gazebo;Kinematics;Embedded Systems,ELEC101 -> ROB101 -> ROB201 -> ROB301 -> Robotics Engineer
CAR011,IoT Specialist,Connect embedded sensors to wireless cloud IoT infrastructure telemetry platforms and smart systems.,ELEC101;ELEC301;EMB101;EMB301;NET101,CLOUD101;WEB301;ELEC102,IoT Systems;MQTT;Embedded Systems;Sensors;Wireless Networks,ELEC101 -> ELEC301 -> EMB101 -> EMB301 -> IoT Specialist
CAR012,Industrial Automation Engineer,Implement PLC ladder logic industrial SCADA networks DCS automation cells and motor controls.,ELEC101;AUTO101;AUTO201;ROB301,ELEC202;ELEC302;AUTO102,PLC Programming;SCADA;Industrial Automation;Modbus;HMI,ELEC101 -> AUTO101 -> AUTO201 -> ROB301 -> Industrial Automation Engineer
CAR013,PLC Engineer,Program industrial PLCs design electro-pneumatic circuits and configure factory HMI panels.,AUTO101;AUTO102;CAD102;AUTO201,ELEC101;MFG101,PLC Programming;Ladder Logic;Pneumatics;HMI;Electrical CAD,AUTO101 -> AUTO102 -> CAD102 -> AUTO201 -> PLC Engineer
CAR014,Cloud Solutions Architect,Design resilient multi-cloud architectures DevOps pipelines microservices and infrastructure as code.,CLOUD101;CLOUD201;CLOUD301;CS203,WEB301;CYBER301;CLOUD202,Cloud Architecture;AWS;Kubernetes;Docker;Terraform,CLOUD101 -> CS203 -> CLOUD201 -> CLOUD301 -> Cloud Solutions Architect
CAR015,DevOps Engineer,Automate software release cycles build CI/CD pipelines manage containers and cloud infrastructure.,CS203;CLOUD101;CLOUD201;CS204,WEB301;CLOUD301,DevOps;Docker;Kubernetes;CI/CD;Git;Linux,CS203 -> CLOUD101 -> CLOUD201 -> CS204 -> DevOps Engineer
CAR016,CAD Design Engineer,Create parametric 3D mechanical models GD&T tolerance drawings FEA simulations and assembly specs.,CAD101;CAD201;MFG101;CAD102,MFG102,SolidWorks;3D CAD;GD&T;FEA;Mechanical Modeling,CAD101 -> CAD201 -> MFG101 -> CAD102 -> CAD Design Engineer
CAR017,Smart Manufacturing Specialist,Deploy Industry 4.0 IoT factory sensors CNC machining digital twin models and quality metrology.,MFG101;MFG201;EMB301;MFG102,AUTO101;CAD101,Smart Manufacturing;Industry 4.0;CNC;Digital Twin;Quality Control,MFG101 -> MFG201 -> EMB301 -> MFG102 -> Smart Manufacturing Specialist
CAR018,VLSI Engineer,Synthesize Verilog HDL digital logic synthesize FPGAs and design integrated circuit architectures.,ELEC101;ELEC201;ELEC303,ELEC301;ELEC102,VLSI;Verilog;FPGA;Digital Design;Logic Synthesis,ELEC101 -> ELEC201 -> ELEC303 -> VLSI Engineer
