course_id,prerequisite_course_id,prerequisite_type,group_id
CS102,CS101,AND,1
CS201,CS101,AND,1
CS202,CS101,AND,1
CS202,CS103,AND,2
CS301,CS101,AND,1
CS302,CS301,AND,1
DS101,CS101,OR,1
DS101,DS102,OR,1
DS201,CS201,AND,1
DS201,DS101,AND,2
DS201,DS203,AND,3
DS301,DS201,AND,1
DS302,DS201,AND,1
WEB201,WEB101,AND,1
WEB301,CS101,AND,1
WEB301,WEB101,AND,2
WEB302,WEB201,AND,1
WEB302,WEB301,AND,2
NET201,NET101,AND,1
CYBER101,NET101,AND,1
CYBER201,CYBER101,AND,1
CYBER201,NET201,AND,2
CYBER301,CYBER101,AND,1
CYBER301,CLOUD101,AND,2
ELEC201,ELEC101,AND,1
ELEC301,ELEC201,AND,1
ELEC301,CS101,AND,2
EMB201,ELEC301,AND,1
EMB301,ELEC301,OR,1
EMB301,EMB101,OR,1
EMB301,NET101,AND,2
ROB101,ELEC101,OR,1
ROB101,EMB101,OR,1
ROB201,ROB101,AND,1
ROB201,CS101,AND,2
ROB301,ROB201,AND,1
ROB301,AUTO101,AND,2
AUTO101,ELEC101,AND,1
AUTO201,AUTO101,AND,1
CAD201,CAD101,AND,1
MFG101,CAD101,AND,1
MFG201,MFG101,AND,1
MFG201,AUTO101,AND,2
CLOUD201,CLOUD101,AND,1
CLOUD201,CS203,AND,2
CLOUD301,CLOUD201,AND,1
CLOUD301,WEB301,AND,2
ELEC202,ELEC101,AND,1
ELEC302,ELEC202,AND,1
ELEC302,CS101,AND,2
DS202,DS101,OR,1
DS202,DS102,OR,1
DS203,CS103,AND,1
CYBER202,CYBER101,AND,1
ELEC102,ELEC101,AND,1
ROB202,ROB201,AND,1
ROB202,ROB102,AND,2
AUTO102,ELEC101,AND,1
CAD102,CAD101,AND,1
CAD102,ELEC101,AND,2
MFG102,MFG101,AND,1
CLOUD202,CLOUD101,AND,1
CLOUD202,WEB301,AND,2
CYBER102,NET101,AND,1
ELEC303,ELEC201,AND,1
CS303,CS102,AND,1
CS303,CS202,AND,2
CS205,CS101,AND,1
DS303,DS201,AND,1
DS303,DS203,AND,2
ROB102,ROB101,AND,1
ROB102,CS201,AND,2
