student_id,name,semester,completed_courses,skills,career_goal,preferred_schedule,availability
STU001,Alex Rao,1,NET101,Docker;SQL,Embedded Systems Engineer,Friday 09:00-11:00,Full-Day (Available weekdays)
STU002,Ananya Sharma,1,MFG201,Python;PLC Programming;FastAPI;Cloud Computing;CAD,Frontend Developer,Friday 14:00-16:00,Morning (Available weekdays)
STU003,Nitin Iyer,1,CYBER201;DS302;ELEC301,DevOps;HTML/CSS,Backend Developer,Monday 09:00-11:00,Afternoon (Available weekdays)
STU004,Pooja Deshmukh,5,AUTO102;CS101;ELEC101,PLC Programming,Embedded Systems Engineer,Wednesday 11:00-13:00,Full-Day (Available weekdays)
STU005,Taylor Patel,1,CS204;CS302,SQL;Linux,Cybersecurity Specialist,Wednesday 14:00-16:00,Full-Day (Available weekdays)
STU006,Sneha Deshmukh,3,CS101;ELEC102;EMB101;ROB102;WEB202,React.js;Circuit Design,Frontend Developer,Thursday 11:00-13:00,Full-Day (Available weekdays)
STU007,Shreya Kumar,6,NET101;WEB101,FastAPI,IoT Specialist,Friday 11:00-13:00,Morning (Available weekdays)
STU008,Riya Chowdhury,6,CAD102;CS101;CYBER101;DS301;ELEC101;NET201,Linux;Networking;Pandas;JavaScript;Microcontrollers,DevOps Engineer,Thursday 09:00-11:00,Morning (Available weekdays)
STU009,Vikram Gupta,6,CS203;ROB101,CNC Machining,Cloud Solutions Architect,Monday 11:00-13:00,Full-Day (Available weekdays)
STU010,Priya Joshi,4,AUTO102;CS101;CS205;CYBER101;DS303;ELEC101;MFG102;MFG201,PyTorch;CAD;Microcontrollers;SolidWorks;FastAPI;JavaScript,Backend Developer,Wednesday 10:00-12:00,Full-Day (Available weekdays)
STU011,Dakota Sharma,5,AUTO102;CS102;CS202;CS205;CS302;CS303;DS102;DS201;ELEC101;ELEC202;ELEC303;EMB301;MFG101;MFG102;NET201,DevOps;JavaScript;CNC Machining;Embedded C;PLC Programming,IoT Specialist,Tuesday 11:00-13:00,Full-Day (Available weekdays)
STU012,Divya Singh,5,AUTO201;CLOUD101;CS101;CS103;CYBER202;DS201;ELEC101;EMB301;NET201;ROB201;WEB202,ROS2;Pandas,Frontend Developer,Monday 09:00-11:00,Full-Day (Available weekdays)
STU013,Ananya Kumar,1,CS301;MFG201,NumPy;CNC Machining,Data Scientist,Thursday 10:00-12:00,Full-Day (Available weekdays)
STU014,Morgan Williams,5,CAD201;CS101;CS204;CYBER102;DS101;DS102;ELEC101;ROB301;WEB101;WEB301,C++;CNC Machining;CAD;Docker;SQL;Statistics,CAD Design Engineer,Thursday 11:00-13:00,Morning (Available weekdays)
STU015,Aditya Singh,5,AUTO101;CAD101;CS101;CYBER201;WEB101;WEB201,SQL;C++;CAD;PLC Programming;Python,DevOps Engineer,Monday 10:00-12:00,Morning (Available weekdays)
STU016,Riya Kulkarni,2,CS101;ELEC101;WEB101,PyTorch;Cybersecurity;Cloud Computing;Docker,PLC Engineer,Friday 14:00-16:00,Morning (Available weekdays)
STU017,Neha Singh,1,,HTML/CSS;C++;DevOps;ROS2;Embedded C;Microcontrollers,VLSI Engineer,Friday 10:00-12:00,Morning (Available weekdays)
STU018,Rohan Gupta,1,ROB201,ROS2,Data Analyst,Tuesday 09:00-11:00,Full-Day (Available weekdays)
STU019,Divya Williams,5,CS101;CYBER101;CYBER202;DS301;DS303;ELEC101;ELEC201;NET201;ROB102;ROB201;ROB202;WEB101;WEB302,Python,Smart Manufacturing Specialist,Thursday 09:00-11:00,Morning (Available weekdays)
STU020,Aditya Smith,3,CS101;CS205;CS301;CYBER301;EMB301;NET201,Statistics;CAD;Microcontrollers;Python;CNC Machining,Fullstack Developer,Friday 11:00-13:00,Full-Day (Available weekdays)
STU021,Casey Nair,3,CAD102;CS101;ELEC101,HTML/CSS;FastAPI;CNC Machining;CAD;NumPy;Microcontrollers,Software Engineer,Thursday 11:00-13:00,Morning (Available weekdays)
STU022,Alex Mehta,3,CS101;ELEC101,Docker;Circuit Design,Data Scientist,Friday 14:00-16:00,Full-Day (Available weekdays)
STU023,Priya Patel,6,AUTO101;CLOUD301;CS101;CS201;CS303;DS102;DS301;DS302;ELEC101;ELEC102;ELEC302;EMB201;EMB301;ROB102;WEB101;WEB102;WEB302,Cybersecurity;SolidWorks;Docker;JavaScript;Pandas,Fullstack Developer,Tuesday 10:00-12:00,Afternoon (Available weekdays)
STU024,Sneha Reddy,4,CS101;CYBER102;DS101;ELEC101;EMB101;WEB101,Pandas;FastAPI;Circuit Design;Networking,Cybersecurity Specialist,Wednesday 10:00-12:00,Morning (Available weekdays)
STU025,Jordan Singh,4,CLOUD202;CS101;CS103;CS301;CYBER201,HTML/CSS;Python;SQL;NumPy;React.js,IoT Specialist,Friday 11:00-13:00,Morning (Available weekdays)
STU026,Meera Mehta,3,CS101;CS203;DS201;ELEC202;MFG201;ROB101;WEB101;WEB301,CNC Machining;Docker;FastAPI;Networking;Cybersecurity,IoT Specialist,Monday 11:00-13:00,Full-Day (Available weekdays)
STU027,Jordan Rao,6,CLOUD301;CS101;CYBER202;CYBER301;DS301;DS303;ELEC101;ELEC102;ELEC201;EMB101;ROB101;ROB201;ROB301;WEB101;WEB102;WEB201;WEB301,Python;PyTorch;FastAPI;Cybersecurity;Statistics,Robotics Engineer,Friday 11:00-13:00,Afternoon (Available weekdays)
STU028,Karthik Singh,5,CS101;CS302;CYBER202;CYBER301;DS203;ELEC101;MFG201,CNC Machining;PyTorch,CAD Design Engineer,Tuesday 10:00-12:00,Morning (Available weekdays)
STU029,Ananya Kumar,4,CS101;CS205;DS203;ELEC101;ELEC202;EMB101;ROB202;ROB301;WEB101;WEB301,Python;DevOps;SQL;Cybersecurity;Pandas;React.js,Data Analyst,Friday 14:00-16:00,Morning (Available weekdays)
STU030,Kavya Rao,4,AUTO101;AUTO102;AUTO201;CAD101;CLOUD101;CLOUD301;CS203;CYBER202;DS202;ELEC201;MFG102;MFG201,Embedded C;Circuit Design;NumPy;Pandas;CAD;Docker,Fullstack Developer,Friday 14:00-16:00,Full-Day (Available weekdays)
STU031,Rahul Bhat,1,CYBER201,HTML/CSS;PLC Programming;Java,Robotics Engineer,Tuesday 10:00-12:00,Morning (Available weekdays)
STU032,Taylor Nair,6,CS101;ELEC101;ELEC301;ROB301;WEB101,Linux;DevOps;ROS2;Cloud Computing,Frontend Developer,Monday 14:00-16:00,Afternoon (Available weekdays)
STU033,Pooja Joshi,4,CAD102;CLOUD201;CS101;CS203;CS204;DS102;ELEC101;MFG101;NET101;ROB102;WEB101,CNC Machining;Linux;Docker;React.js;Circuit Design;JavaScript,Cloud Solutions Architect,Friday 09:00-11:00,Afternoon (Available weekdays)
STU034,Nitin Sharma,1,CS103,React.js;C++;NumPy;Linux,Cloud Solutions Architect,Wednesday 10:00-12:00,Afternoon (Available weekdays)
STU035,Siddharth Chowdhury,3,CAD201;CS102;CS302;CS303;ELEC101,CAD;Java,Cloud Solutions Architect,Monday 09:00-11:00,Morning (Available weekdays)
STU036,Pat Sharma,5,CAD101;CAD201;CS101;CYBER202;DS201;DS301;ELEC202;WEB101;WEB302,Docker;Cloud Computing;SQL;DevOps;React.js,Fullstack Developer,Wednesday 09:00-11:00,Full-Day (Available weekdays)
STU037,Dakota Joshi,5,CLOUD202;CS103;CS301;CS303;DS101;DS203;ELEC101;ELEC302;EMB101;NET201;ROB202;WEB301,Statistics,PLC Engineer,Friday 09:00-11:00,Afternoon (Available weekdays)
STU038,Divya Deshmukh,1,CS101;CS204,Embedded C;SQL;Cybersecurity;Networking,Smart Manufacturing Specialist,Thursday 10:00-12:00,Afternoon (Available weekdays)
STU039,Morgan Smith,6,AUTO101;AUTO102;AUTO201;CAD101;CAD201;CLOUD202;CS101;CS103;CS302;CYBER102;CYBER201;ELEC201;ELEC302;ELEC303;NET201;WEB101;WEB102,HTML/CSS;React.js;Embedded C;FastAPI,Embedded Systems Engineer,Wednesday 11:00-13:00,Afternoon (Available weekdays)
STU040,Casey Brown,6,AUTO102;CAD201;CLOUD101;CLOUD301;CS101;CS103;CS302;ELEC101;EMB101;MFG101;MFG102;NET201;ROB202;ROB301;WEB202;WEB301,PyTorch,Embedded Systems Engineer,Tuesday 14:00-16:00,Full-Day (Available weekdays)
STU041,Neha Williams,3,AUTO101;CAD102;CLOUD101;CLOUD301;CS101;DS303;ELEC101;ELEC301;EMB101;EMB201;WEB101,FastAPI;HTML/CSS;SQL;PLC Programming;React.js;Statistics,CAD Design Engineer,Tuesday 14:00-16:00,Afternoon (Available weekdays)
STU042,Nitin Smith,5,CS101;CS303;CYBER301;ELEC101;WEB101;WEB301,JavaScript;NumPy;C++;PLC Programming;PyTorch,Robotics Engineer,Tuesday 14:00-16:00,Morning (Available weekdays)
STU043,Nitin Joshi,4,CAD201;CS103;CS202;CYBER101;DS201;ELEC101;ELEC301;WEB101;WEB201,CNC Machining;C++;JavaScript;Docker;ROS2;PyTorch,CAD Design Engineer,Monday 10:00-12:00,Morning (Available weekdays)
STU044,Sam Mehta,5,AUTO101;AUTO201;CS103;CS202;CS205;CYBER102;DS202;DS303;ELEC101;ELEC202;ELEC302;ROB102;WEB101,CAD;FastAPI,Cybersecurity Specialist,Wednesday 09:00-11:00,Morning (Available weekdays)
STU045,Sneha Johnson,1,,Circuit Design;Cloud Computing;SolidWorks;Embedded C,Backend Developer,Wednesday 09:00-11:00,Morning (Available weekdays)
STU046,Taylor Joshi,6,ELEC102;NET101,Statistics;FastAPI;Cybersecurity;SQL;PLC Programming;Pandas,DevOps Engineer,Tuesday 11:00-13:00,Morning (Available weekdays)
STU047,Ananya Gupta,3,CAD101;CS101;CYBER201;DS201;ELEC101;EMB101;ROB201;WEB101;WEB102,SolidWorks,Robotics Engineer,Monday 14:00-16:00,Full-Day (Available weekdays)
STU048,Meera Iyer,1,ELEC102,ROS2;Python;DevOps;CNC Machining;NumPy,Data Analyst,Friday 09:00-11:00,Morning (Available weekdays)
STU049,Manish Bhat,3,AUTO101;CAD201;CS101;CS302;DS203;ELEC101;ELEC301;ELEC303;EMB201;MFG101;ROB301;WEB101,Cloud Computing;Embedded C;PyTorch;CNC Machining,Backend Developer,Thursday 09:00-11:00,Afternoon (Available weekdays)
STU050,Siddharth Iyer,3,CLOUD201;CS101;CS103;CYBER202;ELEC101;ELEC303;MFG201;WEB101,Networking;SolidWorks;DevOps;Embedded C;CAD,Software Engineer,Thursday 09:00-11:00,Morning (Available weekdays)
STU051,Shreya Nair,3,CS101;CS102;CS203;DS102;DS201;DS203;NET201;ROB202,Pandas,DevOps Engineer,Monday 14:00-16:00,Morning (Available weekdays)
STU052,Pat Nair,4,CAD101;CAD201;CS101;CS103;CS303;CYBER201;ELEC101;NET201;ROB202;ROB301,Docker;JavaScript;Java;NumPy;DevOps,Robotics Engineer,Thursday 11:00-13:00,Full-Day (Available weekdays)
STU053,Pat Sharma,3,AUTO201;CAD201;CLOUD201;CS101;CS103;CYBER202;DS302;ELEC302;EMB201;MFG101;WEB101,FastAPI;Cloud Computing;Pandas,Robotics Engineer,Friday 14:00-16:00,Morning (Available weekdays)
STU054,Ananya Reddy,6,CS201;CYBER102;CYBER202;DS301;DS302;ELEC301;ELEC302;ELEC303;MFG101;MFG201;ROB101;WEB101;WEB202,Circuit Design;Python;Docker;JavaScript;Cybersecurity,CAD Design Engineer,Tuesday 09:00-11:00,Afternoon (Available weekdays)
STU055,Siddharth Brown,6,CS204;ELEC301;WEB101,CAD;Cloud Computing;DevOps,PLC Engineer,Thursday 09:00-11:00,Full-Day (Available weekdays)
STU056,Kavya Joshi,2,DS101;DS203;ELEC101;MFG102;WEB101,Python;C++;HTML/CSS,Data Analyst,Monday 11:00-13:00,Afternoon (Available weekdays)
STU057,Divya Nair,2,CS101;CYBER102;ELEC101;ELEC102;ELEC202,SolidWorks;CNC Machining;Pandas;Embedded C,Smart Manufacturing Specialist,Friday 10:00-12:00,Morning (Available weekdays)
STU058,Alex Iyer,4,AUTO201;CAD101;CLOUD201;CS101;CS301;CYBER301;DS102;ELEC102;WEB101;WEB102,PyTorch;CAD;Cybersecurity;Cloud Computing;NumPy,Embedded Systems Engineer,Thursday 11:00-13:00,Morning (Available weekdays)
STU059,Riley Kulkarni,1,CYBER301;ELEC202;EMB201,PyTorch;Python;CNC Machining;Linux;NumPy;DevOps,Cybersecurity Specialist,Friday 09:00-11:00,Full-Day (Available weekdays)
STU060,Riya Joshi,2,CS101;DS203;ELEC101,CNC Machining;JavaScript;CAD;SQL;Docker;Statistics,Industrial Automation Engineer,Monday 11:00-13:00,Afternoon (Available weekdays)
STU061,Nitin Deshmukh,6,CS101;CYBER301;DS303;ELEC101;WEB101,Networking;Microcontrollers;NumPy;React.js;Embedded C,Fullstack Developer,Wednesday 11:00-13:00,Morning (Available weekdays)
STU062,Rohan Nair,2,CLOUD301;CS101;CS302;CYBER102;DS102;EMB301;ROB201;WEB101,Docker;CNC Machining;NumPy;ROS2;Linux;CAD,PLC Engineer,Wednesday 09:00-11:00,Full-Day (Available weekdays)
STU063,Riya Sharma,5,CAD101;CS101;CS301;DS202;DS203;DS303;ELEC101;ELEC303;EMB101;NET101;WEB101;WEB202,C++,VLSI Engineer,Wednesday 14:00-16:00,Morning (Available weekdays)
STU064,Kavya Johnson,2,CAD102;CS101;CYBER202;EMB301,JavaScript;Cybersecurity;CAD;SQL;Embedded C;SolidWorks,PLC Engineer,Thursday 11:00-13:00,Morning (Available weekdays)
STU065,Pooja Singh,4,CS204;DS101;ELEC101;EMB301,Networking;C++;Linux;NumPy;FastAPI;SQL,DevOps Engineer,Thursday 09:00-11:00,Full-Day (Available weekdays)
STU066,Alex Brown,1,DS301;NET201,FastAPI;Java;DevOps;PLC Programming;ROS2,Data Scientist,Tuesday 10:00-12:00,Afternoon (Available weekdays)
STU067,Chris Brown,1,DS301,NumPy;Statistics;React.js;SQL;CNC Machining,Embedded Systems Engineer,Monday 10:00-12:00,Morning (Available weekdays)
STU068,Chris Kumar,5,CS101;ELEC101,SQL;Docker;Java;Embedded C;Circuit Design,IoT Specialist,Wednesday 09:00-11:00,Afternoon (Available weekdays)
STU069,Kavya Brown,1,CAD101;WEB202,C++,Smart Manufacturing Specialist,Thursday 14:00-16:00,Afternoon (Available weekdays)
STU070,Priya Kulkarni,6,CS101;CS302;ELEC101;WEB101;WEB102,CAD;ROS2;PLC Programming;Cloud Computing;HTML/CSS,DevOps Engineer,Thursday 11:00-13:00,Afternoon (Available weekdays)
STU071,Meera Mehta,1,AUTO101,Pandas;Cybersecurity;HTML/CSS;Circuit Design,Software Engineer,Thursday 14:00-16:00,Full-Day (Available weekdays)
STU072,Siddharth Mehta,3,CAD201;CS101;CS301;DS302;ELEC101;ELEC102;ROB102;WEB101,Docker;Networking;JavaScript;PLC Programming;C++;ROS2,Embedded Systems Engineer,Friday 11:00-13:00,Full-Day (Available weekdays)
STU073,Divya Deshmukh,6,CS101;CYBER301;ELEC101,JavaScript;CNC Machining,Cloud Solutions Architect,Thursday 10:00-12:00,Morning (Available weekdays)
STU074,Riley Johnson,3,AUTO101;DS102;ELEC202;NET101,CNC Machining;CAD;PLC Programming;Python;SolidWorks,Software Engineer,Wednesday 09:00-11:00,Morning (Available weekdays)
STU075,Taylor Joshi,3,CS101;ELEC101,JavaScript,Industrial Automation Engineer,Monday 09:00-11:00,Full-Day (Available weekdays)
STU076,Aditya Chowdhury,4,AUTO102;ELEC101;ELEC201;EMB301;WEB101,SolidWorks;Java;C++;JavaScript;React.js,DevOps Engineer,Friday 09:00-11:00,Full-Day (Available weekdays)
STU077,Rahul Bhat,6,AUTO101;AUTO201;CAD102;CS101;CS203;CYBER201;CYBER301;DS201;ELEC102;ELEC302;ELEC303;EMB201;MFG102;MFG201;ROB301;WEB101;WEB302,SolidWorks;C++;Python;FastAPI,Cloud Solutions Architect,Wednesday 10:00-12:00,Morning (Available weekdays)
STU078,Neha Reddy,1,AUTO101;CAD102;WEB201,Linux;PLC Programming,AI Engineer,Tuesday 11:00-13:00,Morning (Available weekdays)
STU079,Riley Verma,4,AUTO101;CS101;CS103;CS301;DS303;ELEC201;ELEC202;WEB101;WEB102,Python;HTML/CSS;React.js;Statistics,AI Engineer,Friday 14:00-16:00,Full-Day (Available weekdays)
STU080,Rohan Mehta,1,CLOUD101;ELEC302;ROB201,Linux,Cybersecurity Specialist,Wednesday 11:00-13:00,Morning (Available weekdays)
STU081,Sam Gupta,1,,Microcontrollers;FastAPI;DevOps;Networking;Docker,Smart Manufacturing Specialist,Tuesday 10:00-12:00,Morning (Available weekdays)
STU082,Rahul Singh,2,CLOUD202;CS101;CS301;DS203;MFG102;WEB201;WEB202,CNC Machining;ROS2;CAD;SolidWorks,Fullstack Developer,Wednesday 11:00-13:00,Morning (Available weekdays)
STU083,Rohan Kulkarni,4,AUTO201;CAD101;CS201;CS202;CS301;CYBER201;ELEC101;ELEC302;EMB201;EMB301;MFG201;WEB101;WEB102,SolidWorks,Robotics Engineer,Friday 14:00-16:00,Afternoon (Available weekdays)
STU084,Shreya Verma,4,CAD201;CS101;CS202;CS203;DS302;MFG201,Java;Microcontrollers;CAD;React.js;C++;Pandas,Frontend Developer,Thursday 14:00-16:00,Full-Day (Available weekdays)
STU085,Meera Gupta,3,CLOUD202;CS101;ELEC101;ELEC301;ROB101;ROB301,Java;HTML/CSS;SQL,Industrial Automation Engineer,Friday 14:00-16:00,Afternoon (Available weekdays)
STU086,Morgan Brown,2,CS101;ELEC101;WEB101,Cloud Computing;CNC Machining;Linux;JavaScript;SolidWorks;Java,IoT Specialist,Wednesday 14:00-16:00,Full-Day (Available weekdays)
STU087,Pat Nair,6,CS101;CYBER202;ELEC101;WEB101;WEB202,FastAPI;HTML/CSS,Smart Manufacturing Specialist,Thursday 10:00-12:00,Morning (Available weekdays)
STU088,Vikram Patel,3,CAD102;CLOUD101;CLOUD201;CLOUD202;CS201;CS303;CYBER202;ELEC301,React.js;Cloud Computing,Software Engineer,Friday 10:00-12:00,Full-Day (Available weekdays)
STU089,Ananya Mehta,3,AUTO201;CAD102;CS101;CYBER102;CYBER301;DS202;ELEC101;MFG102;NET101,FastAPI;Networking;CNC Machining;ROS2,Cybersecurity Specialist,Thursday 14:00-16:00,Afternoon (Available weekdays)
STU090,Manish Smith,4,CS203;DS102;DS301;ELEC101;WEB101,PLC Programming;SQL;Cloud Computing,Backend Developer,Friday 09:00-11:00,Afternoon (Available weekdays)
STU091,Sam Gupta,3,AUTO101;AUTO201;CS302;CS303;DS302;ELEC101;ELEC303;EMB201;NET101;WEB101,Pandas;Linux;Java,DevOps Engineer,Wednesday 10:00-12:00,Morning (Available weekdays)
STU092,Dakota Rao,6,CS201;CYBER301;DS301;DS303;WEB101,Embedded C;Circuit Design;SolidWorks;Python;Java;Cloud Computing,IoT Specialist,Wednesday 10:00-12:00,Morning (Available weekdays)
STU093,Morgan Brown,5,CLOUD202;CS101;CYBER301;ELEC101;NET201;WEB101,Circuit Design;Java;SQL;Embedded C;SolidWorks,Cloud Solutions Architect,Friday 09:00-11:00,Full-Day (Available weekdays)
STU094,Nitin Kumar,6,AUTO101;CS101;CYBER202;DS202;ELEC202;EMB201;NET201;ROB301;WEB201,Java;Microcontrollers;PLC Programming,Fullstack Developer,Friday 09:00-11:00,Afternoon (Available weekdays)
STU095,Ananya Chowdhury,3,CS101;ELEC101;WEB101,CAD;SQL;ROS2;HTML/CSS;JavaScript;C++,Embedded Systems Engineer,Wednesday 11:00-13:00,Full-Day (Available weekdays)
STU096,Pat Bhat,6,CLOUD202;CS301;DS102;DS301;ELEC101;ROB202;WEB101,C++;HTML/CSS,CAD Design Engineer,Wednesday 14:00-16:00,Full-Day (Available weekdays)
STU097,Rahul Verma,6,CLOUD202;CS103;CS202;CYBER201;DS201;DS303;ELEC101;ELEC301;EMB201;WEB101;WEB202,Linux;HTML/CSS;React.js;Embedded C,Frontend Developer,Thursday 11:00-13:00,Full-Day (Available weekdays)
STU098,Chris Patel,6,AUTO101;CS203;ELEC101;WEB101,Java,Cloud Solutions Architect,Wednesday 11:00-13:00,Afternoon (Available weekdays)
STU099,Meera Mehta,2,AUTO201;CS201,NumPy;CAD;Statistics;C++,DevOps Engineer,Monday 14:00-16:00,Afternoon (Available weekdays)
STU100,Chris Gupta,1,CS201;CS301;DS301,DevOps;CAD,Fullstack Developer,Wednesday 11:00-13:00,Afternoon (Available weekdays)
STU101,Ananya Brown,2,AUTO201;EMB301,HTML/CSS;CAD;NumPy;Pandas,DevOps Engineer,Monday 09:00-11:00,Full-Day (Available weekdays)
STU102,Riya Smith,4,CYBER101;WEB101,PyTorch;Cloud Computing;Embedded C;FastAPI;SQL,VLSI Engineer,Tuesday 09:00-11:00,Afternoon (Available weekdays)
STU103,Casey Bhat,1,CS301;ROB202,PLC Programming;PyTorch;React.js;Cloud Computing;CAD,IoT Specialist,Tuesday 11:00-13:00,Full-Day (Available weekdays)
STU104,Priya Singh,2,CLOUD301;CS101;CS102;ELEC202;EMB301;MFG101;WEB101;WEB102,Java,Cybersecurity Specialist,Wednesday 14:00-16:00,Full-Day (Available weekdays)
STU105,Riya Smith,4,AUTO201;CAD101;CLOUD101;CS101;CS301;DS301;ELEC102;ELEC201;ROB102;WEB202,ROS2;React.js;JavaScript;Cybersecurity;Microcontrollers;C++,Cloud Solutions Architect,Monday 10:00-12:00,Afternoon (Available weekdays)
STU106,Sneha Reddy,6,CLOUD101;CLOUD301;CS101;CS204;CS302;CYBER101;CYBER201;CYBER301;DS203;DS301;WEB101;WEB102;WEB301,React.js;ROS2;DevOps;JavaScript;Statistics;SolidWorks,Cybersecurity Specialist,Friday 11:00-13:00,Full-Day (Available weekdays)
STU107,Pat Sharma,1,WEB202;WEB302,Cybersecurity;SolidWorks;CAD;Python;Embedded C,Data Scientist,Friday 11:00-13:00,Full-Day (Available weekdays)
STU108,Riya Kumar,6,AUTO201;CAD101;CAD201;CS101;CS202;CS301;EMB101;ROB102;ROB301;WEB101,Cloud Computing;HTML/CSS;Docker,PLC Engineer,Wednesday 14:00-16:00,Morning (Available weekdays)
STU109,Manish Johnson,1,CAD101,NumPy,IoT Specialist,Thursday 10:00-12:00,Morning (Available weekdays)
STU110,Ananya Joshi,4,CS103;WEB101;WEB102,HTML/CSS;FastAPI;React.js;Embedded C;Microcontrollers;Circuit Design,Cloud Solutions Architect,Thursday 11:00-13:00,Afternoon (Available weekdays)
STU111,Rohan Chowdhury,5,CS101;CS202;CS205;CYBER301;ELEC302;EMB201;MFG101;WEB302,PLC Programming;Python;SQL,DevOps Engineer,Thursday 10:00-12:00,Afternoon (Available weekdays)
STU112,Pooja Chowdhury,3,CLOUD301;CS101;CS202;ELEC101;ELEC202;EMB301;WEB101;WEB102;WEB301,NumPy;SolidWorks;CNC Machining;SQL;JavaScript,Data Scientist,Monday 14:00-16:00,Afternoon (Available weekdays)
STU113,Shreya Deshmukh,2,CS201;DS301;MFG201;ROB201,SolidWorks;Microcontrollers,Frontend Developer,Tuesday 11:00-13:00,Full-Day (Available weekdays)
STU114,Sneha Chowdhury,5,CAD201;CLOUD201;CS101;CS102;CS303;ELEC101;ELEC202;MFG101;MFG201;ROB102;ROB202,ROS2;PyTorch;Statistics;Docker,Robotics Engineer,Monday 14:00-16:00,Afternoon (Available weekdays)
STU115,Chris Williams,5,CS101;ELEC302,JavaScript;CNC Machining;Pandas;C++,Cybersecurity Specialist,Friday 09:00-11:00,Morning (Available weekdays)
STU116,Karthik Reddy,4,CLOUD202;DS202;EMB101;MFG201;ROB301;WEB302,Cloud Computing,Fullstack Developer,Tuesday 10:00-12:00,Full-Day (Available weekdays)
STU117,Jordan Kulkarni,5,AUTO102;CAD101;CLOUD201;CLOUD202;CS101;CS303;ELEC102;ELEC301;EMB201;WEB102;WEB201,Pandas;NumPy,PLC Engineer,Friday 11:00-13:00,Morning (Available weekdays)
STU118,Sam Joshi,6,AUTO102;CAD201;CLOUD201;CLOUD301;CYBER102;CYBER201;CYBER301;DS201;ELEC102;ELEC201;ELEC202;EMB201;ROB101;ROB201;WEB101;WEB102,Cloud Computing;Java;Networking,Frontend Developer,Thursday 11:00-13:00,Full-Day (Available weekdays)
STU119,Aditya Singh,5,CAD102;CS101;CS202;CS204;DS101;DS202;DS301;ELEC302;NET201,SQL,Embedded Systems Engineer,Thursday 11:00-13:00,Full-Day (Available weekdays)
STU120,Priya Nair,1,ROB301,Embedded C;Statistics;CAD;FastAPI;PyTorch;HTML/CSS,VLSI Engineer,Wednesday 09:00-11:00,Morning (Available weekdays)
STU121,Nitin Kumar,5,CS205;CS303;ROB102;ROB301;WEB101;WEB201,React.js;Docker;PyTorch;C++,Data Scientist,Monday 11:00-13:00,Full-Day (Available weekdays)
STU122,Priya Reddy,3,CAD101;CLOUD101;CS101;CS204;CS205;CYBER201;DS301;ELEC101;MFG101;MFG201;WEB101,CAD;NumPy;Cloud Computing;React.js,DevOps Engineer,Monday 11:00-13:00,Afternoon (Available weekdays)
STU123,Jordan Singh,2,AUTO101;CS101;CS302;CYBER202;ELEC201;MFG201;ROB201;WEB101,Python;NumPy,PLC Engineer,Thursday 10:00-12:00,Afternoon (Available weekdays)
STU124,Siddharth Joshi,5,CAD101;CS101;CS202;CYBER202;DS201;ELEC101;EMB101;EMB301;NET201;WEB202,DevOps;PyTorch;Cloud Computing;SQL;CAD;Statistics,AI Engineer,Wednesday 10:00-12:00,Morning (Available weekdays)
STU125,Riya Nair,4,CAD201;CLOUD201;CLOUD301;CS101;DS102;ELEC101;EMB101;MFG102;WEB101,Statistics;Java;Microcontrollers;Circuit Design;Cloud Computing,Industrial Automation Engineer,Wednesday 09:00-11:00,Full-Day (Available weekdays)
STU126,Ananya Johnson,5,CLOUD101;CS101;CS204;ELEC201;WEB101,ROS2;Embedded C;Java;Microcontrollers;Circuit Design;C++,Frontend Developer,Thursday 10:00-12:00,Full-Day (Available weekdays)
STU127,Karthik Williams,1,DS102;ELEC101;ELEC102,Python;Linux;NumPy;Statistics;FastAPI;ROS2,VLSI Engineer,Monday 09:00-11:00,Afternoon (Available weekdays)
STU128,Taylor Patel,5,CAD201;CS101;ELEC101;ROB102,Docker;CAD;Cybersecurity;Networking;Linux;Circuit Design,Data Scientist,Thursday 14:00-16:00,Morning (Available weekdays)
STU129,Jordan Johnson,2,CS101,Pandas;Python;DevOps;PyTorch;Circuit Design;PLC Programming,Industrial Automation Engineer,Thursday 14:00-16:00,Morning (Available weekdays)
STU130,Karthik Deshmukh,2,ROB102;WEB101,Cybersecurity;SolidWorks;Python;Pandas;FastAPI;Java,Embedded Systems Engineer,Monday 09:00-11:00,Afternoon (Available weekdays)
STU131,Jordan Verma,2,AUTO201;CLOUD201;CS101;NET101;WEB101,PyTorch;Pandas;Docker;ROS2;HTML/CSS,Data Scientist,Friday 11:00-13:00,Morning (Available weekdays)
STU132,Casey Nair,6,CAD102;CLOUD301;CS202;CYBER201;ELEC101;ELEC302;ROB301,PLC Programming;Embedded C;C++;Networking,Smart Manufacturing Specialist,Thursday 11:00-13:00,Full-Day (Available weekdays)
STU133,Divya Nair,3,CLOUD201;CS101;MFG102;WEB101,JavaScript;Circuit Design;C++;PLC Programming;Cybersecurity;CNC Machining,PLC Engineer,Friday 10:00-12:00,Afternoon (Available weekdays)
STU134,Rahul Singh,3,AUTO102;CLOUD201;CS101;CS204;CS302;CS303;ELEC101;EMB301;WEB301,Java,Data Analyst,Tuesday 10:00-12:00,Afternoon (Available weekdays)
STU135,Riley Reddy,3,CAD102;CS101;ROB102;WEB101;WEB301,Cloud Computing;SolidWorks,AI Engineer,Tuesday 14:00-16:00,Morning (Available weekdays)
STU136,Siddharth Joshi,4,CAD101;CS101;CYBER101;ELEC101;EMB201;EMB301;MFG101;MFG201;WEB202,DevOps;HTML/CSS;FastAPI;Networking,DevOps Engineer,Wednesday 14:00-16:00,Morning (Available weekdays)
STU137,Riley Kumar,6,CS101,PyTorch;JavaScript;FastAPI;HTML/CSS,Fullstack Developer,Tuesday 14:00-16:00,Full-Day (Available weekdays)
STU138,Riya Johnson,6,AUTO102;CAD101;CAD102;CS101;ELEC303;MFG101;MFG102;WEB101;WEB102;WEB202,PLC Programming;Embedded C;React.js;Statistics;CAD;C++,IoT Specialist,Friday 09:00-11:00,Morning (Available weekdays)
STU139,Ananya Sharma,4,CAD101;CS101;CS202;CS301;DS302;EMB301;MFG201;NET101;ROB202;WEB302,Embedded C;CNC Machining;Python;PLC Programming;Cybersecurity,Fullstack Developer,Monday 09:00-11:00,Full-Day (Available weekdays)
STU140,Rahul Johnson,3,AUTO101;CS101;CS303;DS101;DS102;ELEC101;ELEC102;ELEC303;EMB101;WEB201,Networking;NumPy;Statistics,AI Engineer,Thursday 09:00-11:00,Afternoon (Available weekdays)
STU141,Karthik Williams,2,ELEC102;ELEC303,Java,Cybersecurity Specialist,Thursday 14:00-16:00,Afternoon (Available weekdays)
STU142,Riya Verma,6,AUTO101;CS204;CS302;MFG101;WEB202,Microcontrollers,AI Engineer,Monday 10:00-12:00,Morning (Available weekdays)
STU143,Casey Williams,4,WEB101,ROS2;CNC Machining;C++;React.js;HTML/CSS,Embedded Systems Engineer,Monday 10:00-12:00,Full-Day (Available weekdays)
STU144,Sam Chowdhury,1,ELEC202,ROS2;Linux,Robotics Engineer,Friday 11:00-13:00,Afternoon (Available weekdays)
STU145,Vikram Patel,5,CS101;DS101;WEB101,SolidWorks;Linux;DevOps;HTML/CSS;Python,Industrial Automation Engineer,Wednesday 14:00-16:00,Afternoon (Available weekdays)
STU146,Pooja Johnson,4,CS101;ELEC101;ELEC102;ELEC302,Cloud Computing;Java,Cloud Solutions Architect,Monday 11:00-13:00,Morning (Available weekdays)
STU147,Taylor Nair,6,AUTO201;CS101;CS302;CYBER201;DS101;DS303;ELEC101;EMB301;MFG102;ROB102;WEB101,Cybersecurity;Circuit Design,PLC Engineer,Friday 14:00-16:00,Morning (Available weekdays)
STU148,Rohan Deshmukh,5,AUTO102;CLOUD202;CLOUD301;CS101;CS103;CS302;CYBER301;DS303;ROB101;ROB301,Microcontrollers;React.js;CNC Machining;Linux;JavaScript,Data Analyst,Wednesday 11:00-13:00,Afternoon (Available weekdays)
STU149,Vikram Patel,2,CS101;ELEC101;ROB301;WEB101,Pandas;Docker;CAD,Cloud Solutions Architect,Thursday 10:00-12:00,Afternoon (Available weekdays)
STU150,Vikram Joshi,1,CS303;DS202,Statistics;HTML/CSS;Circuit Design;Cybersecurity,PLC Engineer,Friday 10:00-12:00,Afternoon (Available weekdays)
STU151,Meera Singh,4,CS101;ELEC201;ROB201;WEB101,Statistics;Pandas;HTML/CSS;Linux;NumPy,IoT Specialist,Thursday 11:00-13:00,Morning (Available weekdays)
STU152,Aditya Williams,5,ELEC101,Statistics;PyTorch;Cloud Computing;Java,Backend Developer,Thursday 14:00-16:00,Morning (Available weekdays)
STU153,Neha Kumar,3,AUTO201;CAD201;CS101;CS203;CS301;CYBER102;ROB101,Cybersecurity;PLC Programming;C++;Networking;DevOps;SolidWorks,Fullstack Developer,Monday 09:00-11:00,Morning (Available weekdays)
STU154,Jordan Deshmukh,2,CS101;ELEC102;MFG102;ROB201;WEB101;WEB202,NumPy,Data Scientist,Tuesday 10:00-12:00,Afternoon (Available weekdays)
STU155,Arjun Bhat,6,CAD201;CS101;CS102;DS101;EMB201;WEB101,JavaScript;Networking;PyTorch;HTML/CSS;Circuit Design;FastAPI,Smart Manufacturing Specialist,Friday 14:00-16:00,Afternoon (Available weekdays)
STU156,Priya Bhat,6,CS101;CS102;CS201;CS301;DS101;DS102;DS201;ELEC101;ELEC301;ROB202;WEB101;WEB202,Pandas;Microcontrollers;React.js;PLC Programming;Docker;HTML/CSS,DevOps Engineer,Friday 14:00-16:00,Afternoon (Available weekdays)
STU157,Chris Chowdhury,6,AUTO101;CS102;CYBER202;DS203;ROB201;WEB101,Linux;Python;Cloud Computing;FastAPI,Backend Developer,Tuesday 11:00-13:00,Full-Day (Available weekdays)
STU158,Nitin Rao,5,CAD101;CLOUD101;CS101;CS203;CYBER101;CYBER202;DS201;DS203;ELEC101;ELEC201;MFG101;ROB102;WEB101;WEB301,Circuit Design;SolidWorks;React.js,Backend Developer,Wednesday 09:00-11:00,Full-Day (Available weekdays)
STU159,Siddharth Rao,2,CS101,SolidWorks;JavaScript;ROS2;Linux,Robotics Engineer,Thursday 10:00-12:00,Afternoon (Available weekdays)
STU160,Shreya Gupta,5,AUTO201;CLOUD301;CS101;CS202;CS303;CYBER301;DS202;DS301;DS303;ELEC201;EMB201;MFG101;ROB101;WEB101;WEB201;WEB301,Embedded C;Cybersecurity;Cloud Computing;Circuit Design;Statistics;React.js,Backend Developer,Monday 09:00-11:00,Morning (Available weekdays)
STU161,Ananya Iyer,2,CLOUD202;CS101;WEB101,PLC Programming;Microcontrollers;SQL;ROS2,VLSI Engineer,Monday 11:00-13:00,Full-Day (Available weekdays)
STU162,Shreya Verma,6,AUTO101;AUTO201;CAD102;CLOUD202;CS201;CS302;CS303;CYBER101;DS101;ELEC101;EMB201;MFG102;NET201;WEB101;WEB202;WEB302,FastAPI;Statistics,DevOps Engineer,Friday 11:00-13:00,Full-Day (Available weekdays)
STU163,Alex Mehta,2,CS101;CS202;DS102;ELEC101;ELEC202;ELEC303;ROB102;WEB302,Cloud Computing;PyTorch;ROS2,Fullstack Developer,Wednesday 09:00-11:00,Morning (Available weekdays)
STU164,Dakota Verma,3,DS302;NET201,Linux;Embedded C;JavaScript;ROS2;CAD;NumPy,Fullstack Developer,Thursday 14:00-16:00,Afternoon (Available weekdays)
STU165,Alex Patel,4,AUTO102;CAD101;CLOUD202;CS101;CS205;CYBER201;ELEC101;ELEC201;ELEC302;EMB101;EMB301;MFG101,CNC Machining;Cloud Computing;Networking;Java;PLC Programming;Linux,Smart Manufacturing Specialist,Tuesday 14:00-16:00,Morning (Available weekdays)
STU166,Rahul Reddy,3,CS204;CYBER102;DS301;ELEC101;ELEC102;ELEC202;ELEC301;MFG101;ROB102,Python;SQL;React.js;Circuit Design,IoT Specialist,Thursday 09:00-11:00,Afternoon (Available weekdays)
STU167,Taylor Nair,6,CS101;CS103;CS205;CS302;CYBER201;ELEC101;ROB102;WEB101,React.js;C++;Linux;CAD;PyTorch;Pandas,Robotics Engineer,Thursday 09:00-11:00,Full-Day (Available weekdays)
STU168,Aarav Singh,4,CS101;ELEC101;ELEC302;NET101;WEB101,SQL;Cybersecurity;Cloud Computing,Data Analyst,Tuesday 14:00-16:00,Morning (Available weekdays)
STU169,Arjun Patel,6,CS101;CS205;ELEC101;ELEC201;EMB301,CAD;CNC Machining,Software Engineer,Tuesday 09:00-11:00,Full-Day (Available weekdays)
STU170,Aarav Brown,6,AUTO102;AUTO201;CAD102;CS302;DS101;DS202;DS203;DS301;DS302;ELEC102;EMB201;ROB301;WEB101;WEB102;WEB302,HTML/CSS;Statistics;JavaScript;Pandas,Backend Developer,Wednesday 09:00-11:00,Morning (Available weekdays)
STU171,Meera Brown,6,WEB101,SolidWorks;Microcontrollers;FastAPI;Docker;Linux,Robotics Engineer,Wednesday 09:00-11:00,Morning (Available weekdays)
STU172,Arjun Rao,2,CLOUD101;CS101;CS203;CS205;CS301,Linux;ROS2,CAD Design Engineer,Thursday 11:00-13:00,Full-Day (Available weekdays)
STU173,Sneha Kulkarni,1,,NumPy,AI Engineer,Tuesday 09:00-11:00,Morning (Available weekdays)
STU174,Manish Joshi,6,AUTO101;CLOUD201;CLOUD202;CS101;CS204;CS205;CS302;CYBER201;DS202;DS203;DS302;ELEC101;EMB101;ROB201;WEB101,PLC Programming;HTML/CSS,Smart Manufacturing Specialist,Thursday 09:00-11:00,Afternoon (Available weekdays)
STU175,Divya Kumar,1,,SQL;Circuit Design;SolidWorks;C++,Cybersecurity Specialist,Wednesday 10:00-12:00,Morning (Available weekdays)
STU176,Taylor Nair,6,CLOUD101;CYBER102;ELEC101;ELEC303;EMB201;MFG101;WEB101,Docker;SQL;DevOps,AI Engineer,Monday 11:00-13:00,Afternoon (Available weekdays)
STU177,Manish Patel,3,CAD101;CS101;CS202;CS204;ELEC101;ELEC202;EMB301;MFG101;MFG201,CNC Machining;Docker;SQL;Pandas;Microcontrollers,Data Analyst,Monday 09:00-11:00,Morning (Available weekdays)
STU178,Ananya Kulkarni,3,ELEC101;ROB102;WEB201,Docker;CAD;Cybersecurity;Pandas;HTML/CSS;Cloud Computing,PLC Engineer,Thursday 11:00-13:00,Afternoon (Available weekdays)
STU179,Nitin Deshmukh,1,,Pandas;Statistics,Smart Manufacturing Specialist,Friday 09:00-11:00,Afternoon (Available weekdays)
STU180,Casey Bhat,3,CAD101;CLOUD301;CS101;CS302;ELEC101;EMB301,Docker;SolidWorks;Pandas,Robotics Engineer,Thursday 11:00-13:00,Full-Day (Available weekdays)
STU181,Sam Singh,6,CLOUD201;CS101;CS102;DS302;EMB201;NET101;ROB301,HTML/CSS,VLSI Engineer,Monday 14:00-16:00,Full-Day (Available weekdays)
STU182,Neha Rao,2,CS101;ELEC101;ROB301,NumPy;Java;C++;Pandas;Microcontrollers;Cybersecurity,Smart Manufacturing Specialist,Wednesday 14:00-16:00,Full-Day (Available weekdays)
STU183,Nitin Rao,5,AUTO101;CS202;CS301;CYBER101;CYBER202;CYBER301;DS301;ELEC201;ELEC202;ELEC302;NET201;ROB201;WEB101,Pandas;Java;FastAPI,Fullstack Developer,Tuesday 09:00-11:00,Morning (Available weekdays)
STU184,Sneha Bhat,4,AUTO201;CLOUD201;CLOUD202;CS101;DS201;ELEC101;EMB201;WEB101;WEB302,Statistics;CNC Machining,IoT Specialist,Wednesday 09:00-11:00,Morning (Available weekdays)
STU185,Vikram Patel,6,AUTO201;CS101;CS102;CS202;CYBER101;ELEC101;ELEC102;ELEC303;MFG201;ROB102;ROB201;WEB201,Circuit Design,Cybersecurity Specialist,Monday 10:00-12:00,Morning (Available weekdays)
STU186,Ananya Kumar,2,CS101;CS302;DS203;ELEC101;ELEC102;EMB301;ROB201;WEB202,Java,Frontend Developer,Tuesday 14:00-16:00,Morning (Available weekdays)
STU187,Casey Reddy,1,CS202;ROB102;WEB101,Cybersecurity;Docker;Linux;Embedded C;Python,Data Scientist,Thursday 14:00-16:00,Morning (Available weekdays)
STU188,Aditya Gupta,3,CS101;CS103;CS201;CS205;DS202;DS302;ELEC101;NET201;ROB102,C++;Java;NumPy;Linux,Embedded Systems Engineer,Tuesday 14:00-16:00,Morning (Available weekdays)
STU189,Casey Smith,2,CAD201;CS101;CS102;CYBER102;ELEC101;EMB201;ROB101;ROB202,HTML/CSS;Linux;NumPy;React.js;Python,VLSI Engineer,Wednesday 10:00-12:00,Morning (Available weekdays)
STU190,Ananya Kulkarni,5,CLOUD201;CYBER201;CYBER202;DS101;NET201;WEB101;WEB102,DevOps,Industrial Automation Engineer,Tuesday 14:00-16:00,Afternoon (Available weekdays)
STU191,Sneha Kumar,5,CS102;CS303;DS302;DS303;ELEC202;ELEC302;ELEC303;EMB101;EMB201;ROB202;WEB301,PyTorch;React.js;Embedded C;C++;Java,IoT Specialist,Monday 10:00-12:00,Full-Day (Available weekdays)
STU192,Aarav Smith,4,CS101;DS102;DS202;DS301;DS303;ELEC101;WEB301,C++;Python;JavaScript,AI Engineer,Friday 10:00-12:00,Morning (Available weekdays)
STU193,Riley Deshmukh,1,DS101;ELEC301;ELEC302,HTML/CSS;JavaScript;React.js,Industrial Automation Engineer,Thursday 14:00-16:00,Full-Day (Available weekdays)
STU194,Sneha Johnson,6,AUTO102;CS101;CYBER202;ELEC101;ELEC302;ELEC303;ROB101;WEB101;WEB201,Python;Cloud Computing;ROS2;Linux;Docker;C++,Industrial Automation Engineer,Tuesday 11:00-13:00,Full-Day (Available weekdays)
STU195,Alex Williams,1,ELEC301,Java;Pandas;Networking;HTML/CSS;React.js;CAD,CAD Design Engineer,Monday 11:00-13:00,Afternoon (Available weekdays)
STU196,Rahul Singh,2,CS101;CYBER101;CYBER102;ELEC101;WEB101,Cybersecurity;React.js;Statistics;Embedded C;Linux;Networking,Data Analyst,Friday 14:00-16:00,Morning (Available weekdays)
STU197,Chris Williams,6,AUTO201;CS101;CS201;CS204;CS301;DS102;ELEC101,HTML/CSS,Cybersecurity Specialist,Tuesday 14:00-16:00,Morning (Available weekdays)
STU198,Rohan Johnson,1,AUTO101;CS102;ROB202,React.js;SolidWorks;Cybersecurity;Statistics;C++;SQL,IoT Specialist,Wednesday 10:00-12:00,Morning (Available weekdays)
STU199,Taylor Johnson,6,CS101;CS202;CYBER202;CYBER301;DS101;ELEC101;ELEC202;NET201;ROB201;WEB101,Networking,VLSI Engineer,Monday 14:00-16:00,Morning (Available weekdays)
STU200,Pat Brown,4,CS101;CS102,SQL;PyTorch;Statistics;Linux,Frontend Developer,Thursday 14:00-16:00,Full-Day (Available weekdays)
STU201,Rohan Johnson,4,AUTO201;CS101;CS205;ELEC101;EMB301;ROB101;WEB101;WEB201,ROS2;C++;JavaScript,Backend Developer,Monday 09:00-11:00,Full-Day (Available weekdays)
STU202,Chris Johnson,4,CLOUD101;CLOUD201;CS202;CS303;ELEC101;ELEC102;ELEC303;ROB101;ROB301,PyTorch;Java;Linux;Cloud Computing,Cybersecurity Specialist,Monday 10:00-12:00,Morning (Available weekdays)
STU203,Sneha Gupta,2,CS101;CS201;WEB101,JavaScript;SolidWorks;NumPy;HTML/CSS;Java;CNC Machining,Frontend Developer,Thursday 14:00-16:00,Full-Day (Available weekdays)
STU204,Riley Iyer,5,,SQL;Cybersecurity;JavaScript;ROS2,DevOps Engineer,Friday 09:00-11:00,Morning (Available weekdays)
STU205,Sam Rao,3,CS101;CS205;CYBER101;ROB101;ROB301;WEB101;WEB202,Linux;JavaScript;SolidWorks,VLSI Engineer,Friday 14:00-16:00,Morning (Available weekdays)
STU206,Casey Reddy,6,CAD102;CS101;ELEC101;WEB101,Statistics;PyTorch;NumPy,Cybersecurity Specialist,Thursday 09:00-11:00,Morning (Available weekdays)
STU207,Neha Bhat,3,AUTO201;CS203;CS302;ELEC101;WEB101;WEB202;WEB301;WEB302,Networking;C++;Microcontrollers;Statistics;React.js,Embedded Systems Engineer,Monday 11:00-13:00,Full-Day (Available weekdays)
STU208,Arjun Nair,5,CS101;CS202;CS205;CS303;ELEC101;NET201;WEB101;WEB301,NumPy;Networking,AI Engineer,Thursday 14:00-16:00,Full-Day (Available weekdays)
STU209,Jordan Sharma,2,AUTO201;CS203;ELEC101;WEB201,React.js;NumPy;Docker,Industrial Automation Engineer,Monday 11:00-13:00,Morning (Available weekdays)
STU210,Ananya Gupta,5,CS101;CYBER201;ELEC102;NET101;ROB102;ROB301;WEB202;WEB302,Python;Embedded C;JavaScript;CAD;React.js;SolidWorks,Frontend Developer,Monday 10:00-12:00,Afternoon (Available weekdays)
STU211,Chris Joshi,6,CAD101;CLOUD101;CS101;CS103;CS204;CYBER101;DS202;ELEC101;ELEC102;EMB201;ROB101;ROB201;WEB101;WEB102;WEB302,Networking;PLC Programming;CAD;SolidWorks;Cloud Computing;PyTorch,Embedded Systems Engineer,Wednesday 09:00-11:00,Afternoon (Available weekdays)
STU212,Siddharth Iyer,6,CLOUD101;CYBER101;DS302;DS303;ELEC101;ROB202;WEB202;WEB301,Linux;CNC Machining;HTML/CSS;JavaScript;Docker,IoT Specialist,Monday 14:00-16:00,Afternoon (Available weekdays)
STU213,Dakota Mehta,4,AUTO102;CS101;CS201;ELEC102;ELEC202;ELEC301;ELEC302;ELEC303;NET101;ROB202;WEB102;WEB301,Networking;Microcontrollers;PyTorch;React.js;CNC Machining;PLC Programming,PLC Engineer,Tuesday 11:00-13:00,Morning (Available weekdays)
STU214,Vikram Iyer,6,CS101;CS302;ELEC101;ELEC102;ELEC301;WEB102;WEB202,Statistics;HTML/CSS;Networking;NumPy,VLSI Engineer,Friday 11:00-13:00,Afternoon (Available weekdays)
STU215,Riya Verma,6,CLOUD101;CS101;CS103;CS202;CS205;DS201;DS301;DS302;DS303;ELEC101;ELEC102;ELEC301;MFG201;ROB101;ROB301;WEB301,JavaScript;HTML/CSS;Cloud Computing;React.js,Data Analyst,Monday 14:00-16:00,Afternoon (Available weekdays)
STU216,Sneha Reddy,6,CS101;ELEC101,DevOps;React.js;Embedded C;Statistics;Java,Data Scientist,Tuesday 14:00-16:00,Full-Day (Available weekdays)
STU217,Arjun Mehta,4,CS101;ELEC101;WEB101,HTML/CSS,PLC Engineer,Friday 10:00-12:00,Morning (Available weekdays)
STU218,Aarav Kumar,2,CS101;DS101;DS301;WEB101,PyTorch,Industrial Automation Engineer,Wednesday 14:00-16:00,Full-Day (Available weekdays)
STU219,Meera Smith,3,CS101;ELEC301;WEB101;WEB102,Python;Pandas;Docker;JavaScript,Cloud Solutions Architect,Tuesday 09:00-11:00,Full-Day (Available weekdays)
STU220,Sneha Rao,3,CLOUD201;CLOUD202;CS101;CS205;CYBER101;DS202;DS203,Python;C++;Cloud Computing;SQL;Cybersecurity;Circuit Design,Data Scientist,Thursday 09:00-11:00,Full-Day (Available weekdays)
STU221,Riya Nair,2,CS101;CYBER202;ROB301,JavaScript;Cybersecurity;SQL;Microcontrollers;SolidWorks;Docker,AI Engineer,Wednesday 09:00-11:00,Morning (Available weekdays)
STU222,Aditya Brown,2,CLOUD101;CS101;CYBER301;EMB201;ROB202;ROB301;WEB301,Embedded C;HTML/CSS;Pandas;Python;Cloud Computing;Java,Embedded Systems Engineer,Monday 14:00-16:00,Morning (Available weekdays)
STU223,Sam Smith,1,NET101;WEB202,PyTorch;NumPy;Circuit Design;C++,Software Engineer,Monday 10:00-12:00,Morning (Available weekdays)
STU224,Pooja Reddy,4,CS204;ELEC101,CAD;React.js;HTML/CSS;Networking;Circuit Design;SolidWorks,Software Engineer,Wednesday 09:00-11:00,Afternoon (Available weekdays)
STU225,Sneha Rao,4,CAD201;CS101;CS204;CS303;CYBER201;DS102;EMB101;ROB101;WEB101,Cloud Computing;Docker,PLC Engineer,Monday 10:00-12:00,Morning (Available weekdays)
STU226,Dakota Williams,4,DS202;ROB101,JavaScript;Embedded C;DevOps;SQL;Cybersecurity;Circuit Design,DevOps Engineer,Monday 09:00-11:00,Afternoon (Available weekdays)
STU227,Siddharth Sharma,6,AUTO101;AUTO102;CLOUD101;CS101;CS103;CS205;CS303;CYBER202;DS101;DS102;DS202;ELEC202;ELEC301;EMB101;NET101;NET201,PLC Programming;SolidWorks,Smart Manufacturing Specialist,Monday 09:00-11:00,Full-Day (Available weekdays)
STU228,Manish Kulkarni,4,CS101;ELEC101;MFG102,Microcontrollers,Backend Developer,Tuesday 14:00-16:00,Afternoon (Available weekdays)
STU229,Rohan Bhat,4,CS101;CS204;ELEC101,CAD;Python;SQL;Linux;Cybersecurity;C++,DevOps Engineer,Friday 09:00-11:00,Morning (Available weekdays)
STU230,Meera Joshi,5,CAD101;CS101;CYBER202;ELEC101;ELEC301;ELEC303;EMB301;WEB101;WEB202,DevOps;SolidWorks;Embedded C;Cloud Computing;CNC Machining,VLSI Engineer,Wednesday 14:00-16:00,Morning (Available weekdays)
STU231,Sam Kumar,1,CS303;DS203,PLC Programming;Microcontrollers;Networking,IoT Specialist,Monday 09:00-11:00,Morning (Available weekdays)
STU232,Vikram Mehta,1,WEB301,Linux,Embedded Systems Engineer,Tuesday 14:00-16:00,Morning (Available weekdays)
STU233,Siddharth Rao,4,AUTO201;CAD101;CLOUD202;CS101;CS303;CYBER202;DS201;ELEC101;ELEC102;ELEC302;MFG201;WEB102,PLC Programming,Data Scientist,Thursday 14:00-16:00,Full-Day (Available weekdays)
STU234,Taylor Williams,2,CS101,Linux;Cybersecurity;SolidWorks;Cloud Computing;DevOps,Fullstack Developer,Tuesday 11:00-13:00,Afternoon (Available weekdays)
STU235,Neha Bhat,2,CS203;CS205;ELEC101;EMB101,Cloud Computing;Docker;PLC Programming,Fullstack Developer,Tuesday 10:00-12:00,Morning (Available weekdays)
STU236,Taylor Joshi,6,CS101;MFG201;ROB202;WEB201;WEB202,PLC Programming;Embedded C;ROS2,Industrial Automation Engineer,Friday 14:00-16:00,Full-Day (Available weekdays)
STU237,Casey Johnson,3,CS101;ELEC101;WEB101,C++;FastAPI;NumPy;React.js;PyTorch;Docker,Cloud Solutions Architect,Tuesday 09:00-11:00,Full-Day (Available weekdays)
STU238,Aditya Johnson,1,CS103;DS101;DS202,Docker;PLC Programming;Pandas;CAD;DevOps;Linux,Industrial Automation Engineer,Tuesday 11:00-13:00,Full-Day (Available weekdays)
STU239,Ananya Chowdhury,4,AUTO201;CAD102;CLOUD202;CLOUD301;CS101;CS202;CYBER101;DS202;ELEC102;ELEC201;NET101;WEB301,Networking;DevOps;ROS2;PLC Programming;SolidWorks;FastAPI,Cloud Solutions Architect,Tuesday 11:00-13:00,Afternoon (Available weekdays)
STU240,Jordan Patel,2,AUTO101;CS101;CS201;DS201;ELEC101;MFG201;ROB101;WEB101,Python;HTML/CSS;Circuit Design,Backend Developer,Tuesday 09:00-11:00,Morning (Available weekdays)
STU241,Meera Verma,6,CLOUD101;CLOUD301;CS101;CS103;CS301;CYBER102;DS102;ELEC201;ELEC202;EMB201;MFG201;NET101;ROB102;ROB202;WEB101;WEB201,Networking,Robotics Engineer,Tuesday 10:00-12:00,Full-Day (Available weekdays)
STU242,Siddharth Deshmukh,3,CAD201;CLOUD101;CLOUD301;CS101;CYBER202;DS201;ELEC101;ELEC303;MFG102;WEB101;WEB202,SolidWorks;Statistics;Pandas;C++;CNC Machining;HTML/CSS,Frontend Developer,Thursday 09:00-11:00,Afternoon (Available weekdays)
STU243,Shreya Joshi,1,DS102;MFG201,Circuit Design;Embedded C;C++;PyTorch;CAD,Smart Manufacturing Specialist,Tuesday 11:00-13:00,Full-Day (Available weekdays)
STU244,Priya Gupta,5,CS101;ELEC101,CNC Machining;Cybersecurity,VLSI Engineer,Monday 10:00-12:00,Full-Day (Available weekdays)
STU245,Casey Mehta,6,CAD101;CS101;CS102;ELEC101;ELEC301;ROB202;WEB101,PLC Programming;Java;ROS2,Data Analyst,Tuesday 11:00-13:00,Afternoon (Available weekdays)
STU246,Karthik Chowdhury,4,CS101;ELEC101;WEB101,SolidWorks;Java;Docker;ROS2;C++;DevOps,IoT Specialist,Wednesday 09:00-11:00,Afternoon (Available weekdays)
STU247,Neha Brown,1,ELEC303;ROB101;ROB201,Python;Embedded C;React.js;PLC Programming;Pandas;JavaScript,Robotics Engineer,Thursday 11:00-13:00,Full-Day (Available weekdays)
STU248,Neha Deshmukh,1,DS201,Python,VLSI Engineer,Friday 14:00-16:00,Full-Day (Available weekdays)
STU249,Rohan Joshi,2,ROB301;WEB101,Pandas;SolidWorks,Industrial Automation Engineer,Wednesday 10:00-12:00,Morning (Available weekdays)
STU250,Jordan Williams,1,CLOUD301;CS301;WEB202,CNC Machining;Java;NumPy,VLSI Engineer,Monday 10:00-12:00,Full-Day (Available weekdays)
